[{"lat":"30.084223","lng":"31.272627","title":"Port Said Street Station","Governorat":"19","street":"Misr Petroleum Station - Port Said Street ","city":"Cairo","zip":"01000016955","proimage":"src\/style\/metro\/images\/photos\/00d.jpg","markericon":"src\/style\/metro\/images\/marker.png"},{"lat":"30.105234","lng":"31.276125","title":"Al-Mustaamrah Station","Governorat":"19","street":"Al-Mustaamrah Street, off Port Said Street, CTA Garage","city":"Cairo","zip":"01000016955","proimage":"src\/style\/metro\/images\/photos\/00sadasd.jpg","markericon":"src\/style\/metro\/images\/marker.png"},{"lat":"30.071693","lng":"31.26457","title":"Ghamra Conversion Center ","Governorat":"1","street":"Companies St. - next to Misr Petroleum Research Center","city":"Cairo","zip":"01000016955","proimage":"src\/style\/metro\/images\/photos\/01convert-4.jpg","markericon":"src\/style\/metro\/images\/marker.png"},{"lat":"30.055155","lng":"31.348663","title":"Mostafa El-Nahhas Station","Governorat":"1","street":"Nasr City - Mostafa El-Nahhas St. - Intersection of Mostafa El-Nahhas with Makram Ebeid","city":"Cairo","zip":"01000016955","proimage":"src\/style\/metro\/images\/photos\/31-32-5.jpg","markericon":"src\/style\/metro\/images\/marker.png"},{"lat":"30.175222","lng":"31.42676","title":"Al Salam Station","Governorat":"1","street":"Al Salam City - Egypt \/ Belbeis desert road, 3 km before the toll station","city":"Cairo","zip":"01000016955","proimage":"src\/style\/metro\/images\/photos\/convertion-center.jpg","markericon":"src\/style\/metro\/images\/marker.png"},{"lat":"29.844507","lng":"31.300623","title":"Helwan Station","Governorat":"1","street":"Misr Petroleum Station - Behind Farouk Corner - Helwan Al Balad","city":"Cairo","zip":"01000016955","proimage":"src\/style\/metro\/images\/photos\/IMG_1651.jpg","markericon":"src\/style\/metro\/images\/marker.png"},{"lat":"29.992069","lng":"31.267021","title":"Al Basateen Station","Governorat":"1","street":"Al Basateen Street, next to Al Basateen Police Department","city":"Cairo","zip":"01000016955","proimage":"src\/style\/metro\/images\/photos\/IMG_1638.jpg","markericon":"src\/style\/metro\/images\/marker.png"},{"lat":"30.142056","lng":"31.402086","title":"Joseph Tito Station","Governorat":"1","street":"Cairo-Ismailia Desert Road, below the El Hirfieen Bridge","city":"Cairo","zip":"01000016955","proimage":"src\/style\/metro\/images\/photos\/IMG_1755.jpg","markericon":"src\/style\/metro\/images\/marker.png"},{"lat":"30.039984","lng":"31.218307","title":"Dokki Station","Governorat":"11","street":"Misr Petroleum Station - El Galaa Bridge","city":"Giza","zip":"01000016955","proimage":"src\/style\/metro\/images\/photos\/IMG_1756.jpg","markericon":"src\/style\/metro\/images\/marker.png"},{"lat":"30.018358","lng":"31.184694","title":"The 20th Station","Governorat":"11","street":"Twentieth Street - Al Haram","city":"Giza","zip":"01000016955","proimage":"src\/style\/metro\/images\/photos\/IMG_1759.jpg","markericon":"src\/style\/metro\/images\/marker.png"},{"lat":"29.996155","lng":"30.961559","title":"6th of October Station","Governorat":"11","street":"the extension of the 26th of July axis - in front of the Masr University - next to the Engineers Syndicate Club","city":"Giza","zip":"01000016955","proimage":"src\/style\/metro\/images\/photos\/IMG_1760.jpg","markericon":"src\/style\/metro\/images\/marker.png"},{"lat":"30.547043","lng":"31.010479","title":"Shebin El-Kom Station","Governorat":"18","street":"Gamal Abdel Nasser St.","city":"Menoufia","zip":"01000016955","proimage":"src\/style\/metro\/images\/photos\/IMG_1763.jpg","markericon":"src\/style\/metro\/images\/marker.png"},{"lat":"30.361486","lng":"30.50032","title":"Sadat Station","Governorat":"18","street":"Sadat City - Central axis - Residential area next to the microbus station","city":"Menoufia","zip":"01000016955","proimage":"src\/style\/metro\/images\/photos\/IMG_1789.jpg","markericon":"src\/style\/metro\/images\/marker.png"},{"lat":"30.780327","lng":"31.009943","title":"Tanta Station","Governorat":"10","street":"Tanta, Al-Galaa Street","city":"Gharbia","zip":"01000016955","proimage":"src\/style\/metro\/images\/photos\/IMG_1790.jpg","markericon":"src\/style\/metro\/images\/marker.png"},{"lat":"30.97027","lng":"31.172882","title":"Mahalla Station","Governorat":"10","street":"Al-Rajabi Street - Mahalla Al-Kubra","city":"Gharbia","zip":"01000016955","proimage":"src\/style\/metro\/images\/photos\/IMG_1801.jpg","markericon":"src\/style\/metro\/images\/marker.png"},{"lat":"31.057718","lng":"31.405703","title":"Mansoura station ","Governorat":"7","street":"Imam Muhammad Abdo Street, off Suez Canal Street","city":"Dakahlia","zip":"01000016955","proimage":"src\/style\/metro\/images\/photos\/IMG_1797.jpg","markericon":"src\/style\/metro\/images\/marker.png"},{"lat":"31.237762","lng":"29.961718","title":"Gleem Station","Governorat":"2","street":"Misr Petroleum Station, Al Hurriya Road, Gleem","city":"Alexandria","zip":"01000016955","proimage":"src\/style\/metro\/images\/photos\/IMG_1797.jpg","markericon":"src\/style\/metro\/images\/marker.png"},{"lat":"31.176245","lng":"29.877649","title":"El-Kabbary Station","Governorat":"2","street":"Misr Petroleum Station - 86 El-Max Street (Al-Tarhouni) El-Kabbary ","city":"Alexandria","zip":"01000016955","proimage":"src\/style\/metro\/images\/photos\/IMG_1851.jpg","markericon":"src\/style\/metro\/images\/marker.png"},{"lat":"31.031298","lng":"30.462059","title":"Damanhour Station","Governorat":"5","street":"Religious Institute Street","city":"Al-Buhaira","zip":"01000016955","proimage":"src\/style\/metro\/images\/photos\/IMG_1854.jpg","markericon":"src\/style\/metro\/images\/marker.png"},{"lat":"30.604502","lng":"32.279705","title":"Ismailia Station","Governorat":"13","street":"Garden City District - Plot No. (4) - next to the new Governorate headquarters","city":"Ismailia","zip":"01000016955","proimage":"src\/style\/metro\/images\/photos\/IMG_7673.jpg","markericon":"src\/style\/metro\/images\/marker.png"},{"lat":"31.256628","lng":"31.256628","title":"Al-Tameer Station","Governorat":"19","street":"GASTEC Station - Al-Tameer Street - in front of the Covered Hall","city":"Port Said","zip":"01000016955","proimage":"src\/style\/metro\/images\/photos\/IMG_7679.jpg","markericon":"src\/style\/metro\/images\/marker.png"},{"lat":"31.416265","lng":"31.837933","title":"Damietta Station","Governorat":"8","street":"GASTEC Station - Ghayt Al Nasara - First Damietta- Port Said Road ","city":"Damietta ","zip":"01000016955","proimage":"src\/style\/metro\/images\/photos\/IMG_9598.jpg","markericon":"src\/style\/metro\/images\/marker.png"},{"lat":"29.319792","lng":"30.855818","title":"Fayoum Station","Governorat":"9","street":"Dallah - the beginning of Fayoum - Cairo Road - Gamal Abdel Nasser Street","city":"Fayoum ","zip":"01000016955","proimage":"src\/style\/metro\/images\/photos\/IMG-20170917-f.jpg","markericon":"src\/style\/metro\/images\/marker.png"},{"lat":"26.555479","lng":"31.688524","title":"Upper Egypt Conversion Center - Sohag","Governorat":"20","street":"63 East Jerjawiya Street ","city":"Sohag ","zip":"01000016955","proimage":"src\/style\/metro\/images\/photos\/IMG-20170917-WA0008.jpg","markericon":"src\/style\/metro\/images\/marker.png"},{"lat":"29.044874","lng":"31.111305","title":"Beni Suef Station","Governorat":"6","street":"East of the Nile, Bayad Al Arab, the new city of Beni Suef","city":"Beni Suef","zip":"01000016955","proimage":"src\/style\/metro\/images\/photos\/P1060172.jpg","markericon":"src\/style\/metro\/images\/marker.png"},{"lat":"28.08614","lng":"30.746265","title":"Tala Railway Station","Governorat":"17","street":"Tala Railway Road - Ain Shams Basin No. (4) - Bandar El Minya","city":"Minya","zip":"01000016955","proimage":"src\/style\/metro\/images\/photos\/00d.jpg","markericon":"src\/style\/metro\/images\/marker.png"},{"lat":"30.244184","lng":"31.726185","title":"Tenth of Ramadan - Tharwat Station","Governorat":"24","street":"GASTEC Station - Km 52, Ismailia Desert Road, 1st Industrial Zone","city":"Sharqia","zip":"01000016955","proimage":"src\/style\/metro\/images\/photos\/00sadasd.jpg","markericon":"src\/style\/metro\/images\/marker.png"},{"lat":"30.588631","lng":"31.515095","title":"Zagazig station","Governorat":"24","street":"The end of the Upper Sagha Bridge - Ahmed Orabi St. \/ Zagazig City","city":"Sharqia","zip":"01000016955","proimage":"src\/style\/metro\/images\/photos\/01convert-4.jpg","markericon":"src\/style\/metro\/images\/marker.png"},{"lat":"27.250257","lng":"33.816147","title":"Hurghada station","Governorat":"12","street":" Misr Petroleum Station - Nasr Street - Dahar","city":"Red Sea","zip":"01000016955","proimage":"src\/style\/metro\/images\/photos\/31-32-5.jpg","markericon":"src\/style\/metro\/images\/marker.png"},{"lat":"31.132528","lng":"33.78162","title":"Al-Arish Station","Governorat":"25","street":"Misr Petroleum Station (Zaarub) - Assiut Street","city":"North Sinai","zip":"01000016955","proimage":"src\/style\/metro\/images\/photos\/convertion-center.jpg","markericon":"src\/style\/metro\/images\/marker.png"},{"lat":"24.100523","lng":"32.902126","title":"Aswan Center","Governorat":"4","street":"Next to Aswan train station","city":"","zip":"01000016955","proimage":"src\/style\/metro\/images\/photos\/IMG_1638.jpg","markericon":"src\/style\/metro\/images\/marker.png"}]