[{ "lat": "30.065418", "lng": "31.2956", "title": "Abbasiya station", "Governorat": "1", "street": "Petrobel station - next to the international station", "city": "Cairo", "zip": "01000016955", "proimage": "src\/style\/metro\/images\/photos\/edite.jpg", "markericon": "src\/style\/metro\/images\/marker.png" }, { "lat": "30.084223", "lng": "31.272627", "title": "Port Said Street station", "Governorat": "1", "street": "Misr Petroleum Station - Port Said Street", "city": "Cairo", "zip": "01000016955", "proimage": "src\/style\/metro\/images\/photos\/IMG_4293.jpg", "markericon": "src\/style\/metro\/images\/marker.png" }, { "lat": "30.105234", "lng": "31.276125", "title": "Al-Mustaamrah Station", "Governorat": "1", "street": "Al-Mustaamrah Street, off Port Said Street, CTA Garage", "city": "Cairo", "zip": "01000016955", "proimage": "src\/style\/metro\/images\/photos\/IMG_4298.jpg", "markericon": "src\/style\/metro\/images\/marker.png" }, { "lat": "30.103558", "lng": "31.301329", "title": "Al-Matareya Station", "Governorat": "1", "street": "Al-Sawah Square - Al-Matareya Street next to the CTA Garage", "city": "Cairo", "zip": "01000016955", "proimage": "src\/style\/metro\/images\/photos\/IMG_4329.jpg", "markericon": "src\/style\/metro\/images\/marker.png" }, { "lat": "30.124058", "lng": "31.30342", "title": "Trolley Station ", "Governorat": "1", "street": "Trolly Street, El Matareya", "city": "Cairo", "zip": "01000016955", "proimage": "src\/style\/metro\/images\/photos\/IMG_4342.jpg", "markericon": "src\/style\/metro\/images\/marker.png" }, { "lat": "30.081888", "lng": "31.27236", "title": "Al-Khaleej Al-Masry Station", "Governorat": "1", "street": "Al-Khaij Al-Masry Street, next to Misr Petroleum Station", "city": "Cairo", "zip": "01000016955", "proimage": "src\/style\/metro\/images\/photos\/IMG_4351.jpg", "markericon": "src\/style\/metro\/images\/marker.png" }, { "lat": "30.090122", "lng": "31.282497", "title": "Al-Manar Station", "Governorat": "1", "street": "Sikkat Al-Waily Street - next to Misr Petroleum Station", "city": "Cairo", "zip": "01000016955", "proimage": "src\/style\/metro\/images\/photos\/IMG_4386.jpg", "markericon": "src\/style\/metro\/images\/marker.png" }, { "lat": "30.055155", "lng": "31.348663", "title": " Mostafa El-Nahhas Station", "Governorat": "1", "street": "Nasr City - Mostafa El-Nahhas St. - Intersection of Mostafa El-Nahhas with Makram Ebeid", "city": "Cairo", "zip": "01000016955", "proimage": "src\/style\/metro\/images\/photos\/IMG_4398.jpg", "markericon": "src\/style\/metro\/images\/marker.png" }, { "lat": "30.046402", "lng": "31.313131", "title": "District Six Station", "Governorat": "1", "street": "Nasr City - District Six, next to the Coca-Cola Factory", "city": "Cairo", "zip": "01000016955", "proimage": "src\/style\/metro\/images\/photos\/IMG_7383-edit.jpg", "markericon": "src\/style\/metro\/images\/marker.png" }, { "lat": "30.10145", "lng": "31.245502", "title": "Al Salam station", "Governorat": "1", "street": "Al Salam City - Egypt \/ Belbeis desert road, 3 km before the toll station", "city": "Cairo", "zip": "01000016955", "proimage": "src\/style\/metro\/images\/photos\/IMG_7396.jpg", "markericon": "src\/style\/metro\/images\/marker.png" }, { "lat": "30.037895", "lng": "31.234854", "title": "Al-Qasr Al-Aini Station", "Governorat": "1", "street": "Al-Qasr Al-Aini Street", "city": "Cairo", "zip": "01000016955", "proimage": "src\/style\/metro\/images\/photos\/IMG_7420.jpg", "markericon": "src\/style\/metro\/images\/marker.png" }, { "lat": "29.992069", "lng": "31.267021", "title": "Al Basateen Station", "Governorat": "1", "street": "Al Basateen Street, next to Al Basateen Police Department", "city": "Cairo", "zip": "01000016955", "proimage": "src\/style\/metro\/images\/photos\/IMG_7427.jpg", "markericon": "src\/style\/metro\/images\/marker.png" }, { "lat": "29.958353", "lng": "31.286707", "title": " Maadi station", "Governorat": "1", "street": "Autostrad road next to Total Station", "city": "Cairo", "zip": "01000016955", "proimage": "src\/style\/metro\/images\/photos\/IMG_7464.jpg", "markericon": "src\/style\/metro\/images\/marker.png" }, { "lat": "29.844507", "lng": "31.300623", "title": "Helwan Station", "Governorat": "1", "street": "Misr Petroleum Station - Behind Farouk Corner - Helwan Al Balad", "city": "Cairo", "zip": "01000016955", "proimage": "src\/style\/metro\/images\/photos\/IMG_7480.jpg", "markericon": "src\/style\/metro\/images\/marker.png" }, { "lat": "30.090464", "lng": "31.316303", "title": " Al-Merghani Station", "Governorat": "1", "street": "20 Al-Merghany Street, in front of Heliopolis Club, Misr Petroleum Station", "city": "Cairo", "zip": "01000016955", "proimage": "src\/style\/metro\/images\/photos\/IMG_7691.jpg", "markericon": "src\/style\/metro\/images\/marker.png" }, { "lat": "30.142056", "lng": "31.402086", "title": "Joseph Tito Station", "Governorat": "1", "street": "Cairo-Ismailia Desert Road, below the El Hirfieen Bridge", "city": "Cairo", "zip": "01000016955", "proimage": "src\/style\/metro\/images\/photos\/IMG_7727.jpg", "markericon": "src\/style\/metro\/images\/marker.png" }, { "lat": "30.039984", "lng": "31.218307", "title": "Dokki Station", "Governorat": "11", "street": "Misr Petroleum Station - El Galaa Bridge", "city": "Giza", "zip": "01000016955", "proimage": "src\/style\/metro\/images\/photos\/IMG_7733.jpg", "markericon": "src\/style\/metro\/images\/marker.png" }, { "lat": "30.017685", "lng": "31.213717", "title": " Giza Station ", "Governorat": "11", "street": "Murad Street- Giza", "city": "Giza", "zip": "01000016955", "proimage": "src\/style\/metro\/images\/photos\/IMG_7747.jpg", "markericon": "src\/style\/metro\/images\/marker.png" }, { "lat": "29.998655", "lng": "31.160093", "title": "Faisal Station", "Governorat": "11", "street": "Faisal Al Haram Street", "city": "Giza", "zip": "01000016955", "proimage": "src\/style\/metro\/images\/photos\/IMG_7880.jpg", "markericon": "src\/style\/metro\/images\/marker.png" }, { "lat": "30.009424", "lng": "31.2012", "title": "Al Haram Station", "Governorat": "11", "street": "418 Al Ahram Road, next to Total Station", "city": "Giza", "zip": "01000016955", "proimage": "src\/style\/metro\/images\/photos\/IMG_7905.jpg", "markericon": "src\/style\/metro\/images\/marker.png" }, { "lat": "30.018358", "lng": "31.184694", "title": "The 20th Station", "Governorat": "11", "street": "Twentieth Street Al Haram", "city": "Giza", "zip": "01000016955", "proimage": "src\/style\/metro\/images\/photos\/IMG_9495.jpg", "markericon": "src\/style\/metro\/images\/marker.png" }, { "lat": "30.094894", "lng": "31.204412", "title": "Al-Warraq Station", "Governorat": "11", "street": "Al Kawmeya Al Arabeya Street - Imbaba", "city": "Giza", "zip": "01000016955", "proimage": "src\/style\/metro\/images\/photos\/IMG_9502.jpg", "markericon": "src\/style\/metro\/images\/marker.png" }, { "lat": "29.996155", "lng": "30.961559", "title": "6th of October Station", "Governorat": "11", "street": "the extension of the 26th of July axis - in front of the Masr University - next to the Engineers Syndicate Club", "city": "Giza", "zip": "01000016955", "proimage": "src\/style\/metro\/images\/photos\/IMG_9520.jpg", "markericon": "src\/style\/metro\/images\/marker.png" }, { "lat": "30.121052", "lng": "31.267851", "title": "Shubra El-Khaima Station 1", "Governorat": "21", "street": "15 May Street, Shubra El-Kheima", "city": "Qalyubia", "zip": "01000016955", "proimage": "src\/style\/metro\/images\/photos\/IMG_9527.jpg", "markericon": "src\/style\/metro\/images\/marker.png" }, { "lat": "30.151649", "lng": "31.299522", "title": "Mostorod Station", "Governorat": "21", "street": "Misr Petroleum Station - Mostorod - Petroleum Companies St.", "city": "Qalyubia", "zip": "01000016955", "proimage": "src\/style\/metro\/images\/photos\/IMG_9554.jpg", "markericon": "src\/style\/metro\/images\/marker.png" }, { "lat": "30.177204", "lng": "31.225527", "title": "Qalyoub Station", "Governorat": "21", "street": "Misr Petroleum Station - Entrance of Qalyoub City - Misr \/ Alexandria Agricultural Road", "city": "Qalyubia", "zip": "01000016955", "proimage": "src\/style\/metro\/images\/photos\/IMG_9578.jpg", "markericon": "src\/style\/metro\/images\/marker.png" }, { "lat": "30.547043", "lng": "31.010479", "title": "Shebin El-Kom Station", "Governorat": "18", "street": "Gamal Abdel Nasser St.", "city": "Menoufia", "zip": "01000016955", "proimage": "src\/style\/metro\/images\/photos\/IMG_9584.jpg", "markericon": "src\/style\/metro\/images\/marker.png" }, { "lat": "30.361486", "lng": "30.50032", "title": "Sadat Station", "Governorat": "18", "street": "Sadat City - Central axis - Residential area next to the microbus station", "city": "Menoufia", "zip": "01000016955", "proimage": "src\/style\/metro\/images\/photos\/1.jpg", "markericon": "src\/style\/metro\/images\/marker.png" }, { "lat": "30.780327", "lng": "31.009943", "title": "Tanta Station", "Governorat": "10", "street": "Tanta, Al-Galaa Street", "city": "Gharbia", "zip": "01000016955", "proimage": "src\/style\/metro\/images\/photos\/IMG_9608.jpg", "markericon": "src\/style\/metro\/images\/marker.png" }, { "lat": "30.97027", "lng": "31.172882", "title": "Mahalla Station", "Governorat": "10", "street": "Al-Rajabi Street - Mahalla Al-Kubra", "city": "Gharbia", "zip": "01000016955", "proimage": "src\/style\/metro\/images\/photos\/IMG_9629.jpg", "markericon": "src\/style\/metro\/images\/marker.png" }, { "lat": "31.057718", "lng": "31.405703", "title": "Mansoura station ", "Governorat": "7", "street": "Imam Muhammad Abdo Street, off Suez Canal Street", "city": "Dakahlia", "zip": "01000016955", "proimage": "src\/style\/metro\/images\/photos\/IMG_9633.jpg", "markericon": "src\/style\/metro\/images\/marker.png" }, { "lat": "31.237762", "lng": "29.961718", "title": "Gleem Station", "Governorat": "2", "street": "Misr Petroleum Station, Al Hurriya Road, Gleem", "city": "Alexandria", "zip": "01000016955", "proimage": "src\/style\/metro\/images\/photos\/IMG_9644.jpg", "markericon": "src\/style\/metro\/images\/marker.png" }, { "lat": "31.203184", "lng": "29.990459", "title": "Abbis station", "Governorat": "2", "street": "GASTEC station - the beginning of the Alexandria - Cairo Agricultural Road", "city": "Alexandria", "zip": "01000016955", "proimage": "src\/style\/metro\/images\/photos\/IMG_9659.jpg", "markericon": "src\/style\/metro\/images\/marker.png" }, { "lat": "31.187517", "lng": "29.92416", "title": "Muharram Bek station", "Governorat": "2", "street": "Misr Petroleum Station - Muharram Bek - next to the Muharram Pasha housing", "city": "Alexandria", "zip": "01000016955", "proimage": "src\/style\/metro\/images\/photos\/IMG_9682.jpg", "markericon": "src\/style\/metro\/images\/marker.png" }, { "lat": "31.210005", "lng": "29.948235", "title": "Smouha Station", "Governorat": "2", "street": " GASTEC Station - Victor Emmanuel Street", "city": "Alexandria", "zip": "01000016955", "proimage": "src\/style\/metro\/images\/photos\/IMG_9777.jpg", "markericon": "src\/style\/metro\/images\/marker.png" }, { "lat": "31.176245", "lng": "29.877649", "title": "El-Kabbary Station", "Governorat": "2", "street": " Misr Petroleum Station - 86 El-Max Street (Al-Tarhouni) El-Kabbary", "city": "Alexandria", "zip": "01000016955", "proimage": "src\/style\/metro\/images\/photos\/IMG_20200113_162108.jpg", "markericon": "src\/style\/metro\/images\/marker.png" }, { "lat": "30.361486", "lng": "30.50032", "title": "Sadat Station", "Governorat": "2", "street": "Sadat City, Central axis, residential area, next to the service station", "city": "Alexandria", "zip": "01000016955", "proimage": "src\/style\/metro\/images\/photos\/edite.jpg", "markericon": "src\/style\/metro\/images\/marker.png" }, { "lat": "31.031298", "lng": "30.462059", "title": "Damanhour Station", "Governorat": "5", "street": "Religious Institute Street", "city": "Al-Buhaira", "zip": "01000016955", "proimage": "src\/style\/metro\/images\/photos\/edite.jpg", "markericon": "src\/style\/metro\/images\/marker.png" }, { "lat": "29.994234", "lng": "32.519638", "title": "Suez Station", "Governorat": "22", "street": "GASTEC Station - Faisal - the beginning of the old Suez \/ Cairo Road - next to the Mobil station Faisal", "city": "Suez", "zip": "01000016955", "proimage": "src\/style\/metro\/images\/photos\/IMG_4293.jpg", "markericon": "src\/style\/metro\/images\/marker.png" }, { "lat": "30.604502", "lng": "32.279705", "title": "Ismailia Station", "Governorat": "13", "street": "Garden City District - Plot No. (4) - next to the new governorate headquarters", "city": "", "zip": "01000016955", "proimage": "src\/style\/metro\/images\/photos\/IMG_4298.jpg", "markericon": "src\/style\/metro\/images\/marker.png" }, { "lat": "30.601395", "lng": "32.263382", "title": "Ismailia - Al Bahari station", "Governorat": "13", "street": "the intersection of Al Bahary Street with Damanhour Street", "city": "Ismailia ", "zip": "01000016955", "proimage": "src\/style\/metro\/images\/photos\/edite.jpg", "markericon": "src\/style\/metro\/images\/marker.png" }, { "lat": "31.256628", "lng": "32.276066", "title": "Al-Tameer Station", "Governorat": "19", "street": "GASTEC Station - Al-Tameer Street - in front of the Covered Hall", "city": "Port Said", "zip": "01000016955", "proimage": "src\/style\/metro\/images\/photos\/IMG_4293.jpg", "markericon": "src\/style\/metro\/images\/marker.png" }, { "lat": "31.248241", "lng": "32.264729", "title": "Dawahy Station", "Governorat": "19", "street": " Lady Khadija Truck Road next to Zarzara craftsmen in front of Ali Suleiman Schools", "city": "Port Said", "zip": "01000016955", "proimage": "src\/style\/metro\/images\/photos\/IMG_4298.jpg", "markericon": "src\/style\/metro\/images\/marker.png" }, { "lat": "31.264482", "lng": "32.299385", "title": "Port Fouad Station", "Governorat": "19", "street": "Al-Basha Station - Al-Amal housing", "city": "Port Said", "zip": "01000016955", "proimage": "src\/style\/metro\/images\/photos\/IMG_4329.jpg", "markericon": "src\/style\/metro\/images\/marker.png" }, { "lat": "31.259918", "lng": "32.280628", "title": "Port Said Adel El-Sherbiny", "Governorat": "19", "street": "Freedom street, in front of the Port Said Traffic Department", "city": "Port Said", "zip": "01000016955", "proimage": "src\/style\/metro\/images\/photos\/IMG_4342.jpg", "markericon": "src\/style\/metro\/images\/marker.png" }, { "lat": "31.237478", "lng": "32.29055", "title": "The parking complex station", "Governorat": "19", "street": "East of Al-Israa housing in the Dawahy district - next to the parking complex", "city": "Port Said", "zip": "01000016955", "proimage": "src\/style\/metro\/images\/photos\/IMG_4351.jpg", "markericon": "src\/style\/metro\/images\/marker.png" }, { "lat": "31.416265", "lng": "31.837933", "title": "Damietta Station", "Governorat": "8", "street": "GASTEC Station - Ghayt Al Nasara - First Damietta- Port Said Road", "city": "Damietta", "zip": "01000016955", "proimage": "src\/style\/metro\/images\/photos\/IMG_4386.jpg", "markericon": "src\/style\/metro\/images\/marker.png" }, { "lat": "29.319792", "lng": "30.855818", "title": "Fayoum Station", "Governorat": "9", "street": "Dallah - the beginning of Fayoum - Cairo Road - Gamal Abdel Nasser Street", "city": "Fayoum ", "zip": "01000016955", "proimage": "src\/style\/metro\/images\/photos\/IMG_4398.jpg", "markericon": "src\/style\/metro\/images\/marker.png" }, { "lat": "29.318535", "lng": "30.830523", "title": "Kiman Fares Station", "Governorat": "9", "street": "Kiman Fares - next to Sanhour Station", "city": "Fayoum", "zip": "01000016955", "proimage": "src\/style\/metro\/images\/photos\/IMG_7383-edit.jpg", "markericon": "src\/style\/metro\/images\/marker.png" }, { "lat": "26.546034", "lng": "31.702646", "title": "Sohag Station ARAM", "Governorat": "20", "street": "Misr Petroleum Station (ARAM) in front of the Fever Hospital", "city": "Sohag ", "zip": "01000016955", "proimage": "src\/style\/metro\/images\/photos\/IMG_7385.jpg", "markericon": "src\/style\/metro\/images\/marker.png" }, { "lat": "29.044874", "lng": "31.111305", "title": "Beni Suef Station", "Governorat": "6", "street": "East of the Nile, Bayad Al Arab, the new city of Beni Suef", "city": "Beni Suef", "zip": "01000016955", "proimage": "src\/style\/metro\/images\/photos\/IMG_7396.jpg", "markericon": "src\/style\/metro\/images\/marker.png" }, { "lat": "29.073286", "lng": "31.081904", "title": "Beni Suef Tozmment ", "Governorat": "6", "street": " Mohieddin Basin, Plot No. 64 - Zimam Bani Haroun", "city": "Beni Suef", "zip": "01000016955", "proimage": "src\/style\/metro\/images\/photos\/IMG_7420.jpg", "markericon": "src\/style\/metro\/images\/marker.png" }, { "lat": "28.09004", "lng": "30.755592", "title": "Al Safsafa station", "Governorat": "17", "street": "Safsafa, before Al-Khashab Bridge", "city": "Minya", "zip": "01000016955", "proimage": "src\/style\/metro\/images\/photos\/IMG_7427.jpg", "markericon": "src\/style\/metro\/images\/marker.png" }, { "lat": "28.08614", "lng": "30.746265", "title": "Tala Railway Station", "Governorat": "17", "street": "Tala Railway Road - Ain Shams Basin No. (4) - Bandar El Minya", "city": "Minya", "zip": "01000016955", "proimage": "src\/style\/metro\/images\/photos\/IMG_7464.jpg", "markericon": "src\/style\/metro\/images\/marker.png" }, { "lat": "27.169497", "lng": "31.181484", "title": "Assiut Station", "Governorat": "3", "street": "Misr Petroleum Station - in front of the train station - next to the Awqaf Building", "city": "Assiut", "zip": "01000016955", "proimage": "src\/style\/metro\/images\/photos\/IMG_7480.jpg", "markericon": "src\/style\/metro\/images\/marker.png" }, { "lat": "26.16003", "lng": "32.708923", "title": "Qena Station", "Governorat": "23", "street": "next to the Upper Egypt bus garage - in front of the General Hospital", "city": "Qena ", "zip": "01000016955", "proimage": "src\/style\/metro\/images\/photos\/IMG_7691.jpg", "markericon": "src\/style\/metro\/images\/marker.png" }, { "lat": "30.244184", "lng": "31.726185", "title": "Tenth of Ramadan - Tharwat Station ", "Governorat": "24", "street": " GASTEC Station - Km 52, Ismailia Desert Road, 1st Industrial Zone", "city": "Sharqia", "zip": "01000016955", "proimage": "src\/style\/metro\/images\/photos\/IMG_7727.jpg", "markericon": "src\/style\/metro\/images\/marker.png" }, { "lat": "30.167444", "lng": "31.478275", "title": "Tenth of Ramadan - Belbeis Station", "Governorat": "24", "street": " Misr Petroleum Station - Tenth of Ramadan - Belbeis \/ Tenth of Ramadan Intersection", "city": "Sharqia", "zip": "01000016955", "proimage": "src\/style\/metro\/images\/photos\/IMG_7733.jpg", "markericon": "src\/style\/metro\/images\/marker.png" }, { "lat": "30.588631", "lng": "31.515095", "title": "Zagazig station", "Governorat": "24", "street": "The end of the Upper Sagha Bridge - Ahmed Orabi St. \/ Zagazig City", "city": "Sharqia", "zip": "01000016955", "proimage": "src\/style\/metro\/images\/photos\/IMG_7747.jpg", "markericon": "src\/style\/metro\/images\/marker.png" }, { "lat": "27.250257", "lng": "33.816147", "title": "Hurghada station", "Governorat": "12", "street": " Misr Petroleum Station - Nasr Street - Dahar", "city": "Red Sea", "zip": "01000016955", "proimage": "src\/style\/metro\/images\/photos\/IMG_7880.jpg", "markericon": "src\/style\/metro\/images\/marker.png" }, { "lat": "31.132528", "lng": "33.78162", "title": "Al-Arish", "Governorat": "25", "street": "Misr Petroleum Station (Zaarub) - Assiut Street", "city": "North Sinai", "zip": "01000016955", "proimage": "src\/style\/metro\/images\/photos\/IMG_7905.jpg", "markericon": "src\/style\/metro\/images\/marker.png" }, { "lat": "24.100523", "lng": "32.902126", "title": "Aswan station", "Governorat": "4", "street": "Next to Aswan train station", "city": "Aswan ", "zip": "01000016955", "proimage": "src\/style\/metro\/images\/photos\/IMG_9495.jpg", "markericon": "src\/style\/metro\/images\/marker.png" }]