[{ "lat": "30.174994", "lng": "31.060592", "title": "TREEGAS", "Governorat": "11", "street": "Nekla - Giza", "city": "Giza", "zip": "01001714373", "proimage": "src\/style\/metro\/images\/photos\/IMG_8154.jpg", "markericon": "src\/style\/metro\/images\/eni-marker.png" }, { "lat": "30.100858", "lng": "31.264764", "title": "SAYAD", "Governorat": "1", "street": "AL Zawyah AL Hamraa", "city": "Cairo", "zip": "01017660096", "proimage": "src\/style\/metro\/images\/photos\/Lubricants--(1).jpg", "markericon": "src\/style\/metro\/images\/eni-marker.png" }, { "lat": "30.008598", "lng": "31.303958", "title": "GOLDEN WAY", "Governorat": "1", "street": "Nasr city \u2013 Al Moqatm ", "city": "Cairo", "zip": "01229206229", "proimage": "src\/style\/metro\/images\/photos\/Lubricants--(2).jpg", "markericon": "src\/style\/metro\/images\/eni-marker.png" }, { "lat": "30.047728", "lng": "31.374685", "title": "AL Shemy company Nasr city ", "Governorat": "1", "street": " School station - 10th district - Nasr city", "city": "Cairo", "zip": "01000778341", "proimage": "src\/style\/metro\/images\/photos\/Lubricants--(4).jpg", "markericon": "src\/style\/metro\/images\/eni-marker.png" }, { "lat": "30.008963", "lng": "31.338342", "title": "AL Shemy company - Al Moqatm ", "Governorat": "1", "street": "9 street - Al Moqatm ", "city": "Cairo", "zip": "01000778356", "proimage": "src\/style\/metro\/images\/photos\/Lubricants--(5).jpg", "markericon": "src\/style\/metro\/images\/eni-marker.png" }, { "lat": "30.086318", "lng": "31.288428", "title": "AL Shemy company - El Qobbah", "Governorat": "1", "street": "El Waili El Kabir East - Hadaek El Qobba", "city": "Cairo", "zip": "01000160828", "proimage": "src\/style\/metro\/images\/photos\/Lubricants--(8).jpg", "markericon": "src\/style\/metro\/images\/eni-marker.png" }, { "lat": "29.986615", "lng": "31.837933", "title": "AL Shemy company - Al Maadi", "Governorat": "1", "street": "Street 1004 from 306 - Maadi", "city": "Cairo", "zip": "01000778356", "proimage": "src\/style\/metro\/images\/photos\/Lubricants--(11).jpg", "markericon": "src\/style\/metro\/images\/eni-marker.png" }]